{
    "projects": [
        { 
            "id": 0,
            "title": "Digital Dressroom",
            "img": "https://scads.ai/wp-content/uploads/MagicMirror.png",
            "content": "Lorem ipsum dolor sit amet, consetetur sadipscing elitr, sed diam nonumy eirmod tempor invidunt ut labore et dolore magna aliquyam erat, sed diam voluptua. At vero eos et accusam et justo duo dolores et ea rebum. Stet clita kasd gubergren, no sea takimata sanctus est Lorem ipsum dolor sit amet. Lorem ipsum dolor sit amet, consetetur sadipscing elitr, sed diam nonumy eirmod tempor invidunt ut labore et dolore magna aliquyam erat, sed diam voluptua. At vero eos et accusam et justo duo dolores et ea rebum. Stet clita kasd gubergren, no sea takimata sanctus est Lorem ipsum dolor sit amet.",
            "date": "15.12.2024",
            "p5": "circleSketch.js",
            "three": null
        },
        { 
            "id": 1,
            "title": "Data Cave",
            "img": "https://www.voxeljet.com/wp-content/uploads/2020/11/3d-modell.jpg",
            "content": "Lorem ipsum dolor sit amet, consetetur sadipscing elitr, sed diam nonumy eirmod tempor invidunt ut labore et dolore magna aliquyam erat, sed diam voluptua. At vero eos et accusam et justo duo dolores et ea rebum. Stet clita kasd gubergren, no sea takimata sanctus est Lorem ipsum dolor sit amet. Lorem ipsum dolor sit amet, consetetur sadipscing elitr, sed diam nonumy eirmod tempor invidunt ut labore et dolore magna aliquyam erat, sed diam voluptua. At vero eos et accusam et justo duo dolores et ea rebum. Stet clita kasd gubergren, no sea takimata sanctus est Lorem ipsum dolor sit amet.",
            "date": "17.12.2024",
            "p5": "poetryCloudsSketch.js",
            "three": "spinningCubeScene.js"
        },
        { 
            "id": 2,
            "title": "LED Matrix",
            "img": "https://tutorial45.com/wp-content/uploads/2017/05/LEDCubeFinalOperational.jpg",
            "content": "Lorem ipsum dolor sit amet, consetetur sadipscing elitr, sed diam nonumy eirmod tempor invidunt ut labore et dolore magna aliquyam erat, sed diam voluptua. At vero eos et accusam et justo duo dolores et ea rebum. Stet clita kasd gubergren, no sea takimata sanctus est Lorem ipsum dolor sit amet. Lorem ipsum dolor sit amet, consetetur sadipscing elitr, sed diam nonumy eirmod tempor invidunt ut labore et dolore magna aliquyam erat, sed diam voluptua. At vero eos et accusam et justo duo dolores et ea rebum. Stet clita kasd gubergren, no sea takimata sanctus est Lorem ipsum dolor sit amet.",
            "date": "11.01.2025",
            "p5": null,
            "three": "sheepScene.js"
        },
        { 
            "id": 3,
            "title": "Intrusive Thoughts installation",
            "img": "https://media.tate.org.uk/aztate-prd-ew-dg-wgtail-st1-ctr-data/images/.width-600_0p1I6Yr.jpg",
            "content": "Lorem ipsum dolor sit amet, consetetur sadipscing elitr, sed diam nonumy eirmod tempor invidunt ut labore et dolore magna aliquyam erat, sed diam voluptua. At vero eos et accusam et justo duo dolores et ea rebum. Stet clita kasd gubergren, no sea takimata sanctus est Lorem ipsum dolor sit amet. Lorem ipsum dolor sit amet, consetetur sadipscing elitr, sed diam nonumy eirmod tempor invidunt ut labore et dolore magna aliquyam erat, sed diam voluptua. At vero eos et accusam et justo duo dolores et ea rebum. Stet clita kasd gubergren, no sea takimata sanctus est Lorem ipsum dolor sit amet.",
            "date": "15.12.2024",
            "p5": null,
            "three": null
        },
        { 
            "id": 4,
            "title": "Sea of Emotions",
            "img": "https://www.designboom.com/wp-content/dbsub/377428/2019-04-26/img_2_1556279248_c81e728d9d4c2f636f067f89cc14862c.JPG",
            "content": "Lorem ipsum dolor sit amet, consetetur sadipscing elitr, sed diam nonumy eirmod tempor invidunt ut labore et dolore magna aliquyam erat, sed diam voluptua. At vero eos et accusam et justo duo dolores et ea rebum. Stet clita kasd gubergren, no sea takimata sanctus est Lorem ipsum dolor sit amet. Lorem ipsum dolor sit amet, consetetur sadipscing elitr, sed diam nonumy eirmod tempor invidunt ut labore et dolore magna aliquyam erat, sed diam voluptua. At vero eos et accusam et justo duo dolores et ea rebum. Stet clita kasd gubergren, no sea takimata sanctus est Lorem ipsum dolor sit amet.",
            "date": "17.12.2024",
            "p5": null,
            "three": null
        },
        { 
            "id": 5,
            "title": "Catwalk installation",
            "img": "https://architizer-prod.imgix.net/mediadata/projects/292013/1b4034eb.jpg?fit=max&w=1680&q=60&auto=format&auto=compress&cs=strip",
            "content": "Lorem ipsum dolor sit amet, consetetur sadipscing elitr, sed diam nonumy eirmod tempor invidunt ut labore et dolore magna aliquyam erat, sed diam voluptua. At vero eos et accusam et justo duo dolores et ea rebum. Stet clita kasd gubergren, no sea takimata sanctus est Lorem ipsum dolor sit amet. Lorem ipsum dolor sit amet, consetetur sadipscing elitr, sed diam nonumy eirmod tempor invidunt ut labore et dolore magna aliquyam erat, sed diam voluptua. At vero eos et accusam et justo duo dolores et ea rebum. Stet clita kasd gubergren, no sea takimata sanctus est Lorem ipsum dolor sit amet.",
            "date": "11.01.2025",
            "p5": null,
            "three": null
        }
    ]
}
   